Current,Forcast,Real
[-0.6936348426773122],[1.6672239],[-3.281494404188805]
[-3.281494404188805],[2.1020944],[0.9810617613994452]
[0.9810617613994452],[2.3260021],[4.088515388399074]
[4.088515388399074],[1.6626155],[1.6463628240984465]
[4.088515388399074],[1.2968303],[1.6463628240984465]
